{"cameraMode":{"drawMode":0,"name":"Shaded","section":"Shading Mode"},"sceneLighting":true,"audioPlay":false,"sceneViewState":{"m_AlwaysRefresh":false,"showFog":true,"showSkybox":true,"showFlares":true,"showImageEffects":true,"showParticleSystems":true,"showVisualEffectGraphs":true,"m_FxEnabled":true},"in2DMode":false,"pivot":{"x":-3.0144765377044679,"y":0.3182326555252075,"z":-0.7234912514686585},"rotation":{"x":0.09723085165023804,"y":-0.04835165664553642,"z":0.0047326586209237579,"w":0.9940798878669739},"size":16.571456909179689,"orthographic":true}