{"cameraMode":{"drawMode":0,"name":"Shaded","section":"Shading Mode"},"sceneLighting":true,"audioPlay":false,"sceneViewState":{"m_AlwaysRefresh":false,"showFog":true,"showSkybox":true,"showFlares":true,"showImageEffects":true,"showParticleSystems":true,"showVisualEffectGraphs":true,"m_FxEnabled":true},"in2DMode":false,"pivot":{"x":-4.94027042388916,"y":1.2703990936279297,"z":-3.607471466064453},"rotation":{"x":0.01923765242099762,"y":0.23681527376174928,"z":-0.004720334894955158,"w":0.9714005589485169},"size":0.8617327809333801,"orthographic":false}